Rank,Category,Bulgarian,English,Spoken,Source
1,Other common words,да,yes; to,da,Wiktionary Bulgarian wordlist (OpenSubtitles-based)
2,Negation,не,no; not,ne,Wiktionary Bulgarian wordlist (OpenSubtitles-based)
3,Pronouns & particles,се,self; reflexive particle,se,Wiktionary Bulgarian wordlist (OpenSubtitles-based)
4,Prepositions & conjunctions,на,on; to; of,na,Wiktionary Bulgarian wordlist (OpenSubtitles-based)
5,Pronouns & particles,си,yourself; one's own; you are,si,Wiktionary Bulgarian wordlist (OpenSubtitles-based)
6,Verbs,ще,will; future marker,shte,Wiktionary Bulgarian wordlist (OpenSubtitles-based)
7,Prepositions & conjunctions,за,for; about,za,Wiktionary Bulgarian wordlist (OpenSubtitles-based)
8,Other common words,ли,question particle,li,Wiktionary Bulgarian wordlist (OpenSubtitles-based)
9,Other common words,това,this; that,tova,Wiktionary Bulgarian wordlist (OpenSubtitles-based)
10,Other common words,че,that; because,che,Wiktionary Bulgarian wordlist (OpenSubtitles-based)
11,Pronouns & particles,ти,you,ti,Wiktionary Bulgarian wordlist (OpenSubtitles-based)
12,Prepositions & conjunctions,от,from; by,ot,Wiktionary Bulgarian wordlist (OpenSubtitles-based)
13,Pronouns & particles,ми,me; my,mi,Wiktionary Bulgarian wordlist (OpenSubtitles-based)
14,Questions & relative words,какво,what,kakvo,Wiktionary Bulgarian wordlist (OpenSubtitles-based)
15,Pronouns & particles,го,him; it,go,Wiktionary Bulgarian wordlist (OpenSubtitles-based)
16,Verbs,съм,I am,sam,Wiktionary Bulgarian wordlist (OpenSubtitles-based)
17,Prepositions & conjunctions,по,more; along; by,po,Wiktionary Bulgarian wordlist (OpenSubtitles-based)
18,Prepositions & conjunctions,но,but,no,Wiktionary Bulgarian wordlist (OpenSubtitles-based)
19,Pronouns & particles,аз,I,az,Wiktionary Bulgarian wordlist (OpenSubtitles-based)
20,Pronouns & particles,те,they; them,te,Wiktionary Bulgarian wordlist (OpenSubtitles-based)
21,Adjectives & adverbs,добре,well; okay,dobre,Wiktionary Bulgarian wordlist (OpenSubtitles-based)
22,Verbs,трябва,must; should; need,tryabva,Wiktionary Bulgarian wordlist (OpenSubtitles-based)
23,Pronouns & particles,ме,me,me,Wiktionary Bulgarian wordlist (OpenSubtitles-based)
24,Other common words,са,are,sa,Wiktionary Bulgarian wordlist (OpenSubtitles-based)
25,Negation,няма,there is no; will not,nyama,Wiktionary Bulgarian wordlist (OpenSubtitles-based)
26,Prepositions & conjunctions,ако,if,ako,Wiktionary Bulgarian wordlist (OpenSubtitles-based)
27,Other common words,тук,here,tuk,Wiktionary Bulgarian wordlist (OpenSubtitles-based)
28,Verbs,може,can; may,mozhe,Wiktionary Bulgarian wordlist (OpenSubtitles-based)
29,Pronouns & particles,ви,you; your formal/plural,vi,Wiktionary Bulgarian wordlist (OpenSubtitles-based)
30,Adjectives & adverbs,така,so; like this,taka,Wiktionary Bulgarian wordlist (OpenSubtitles-based)
31,Adjectives & adverbs,много,much; many; very,mnogo,Wiktionary Bulgarian wordlist (OpenSubtitles-based)
32,Prepositions & conjunctions,като,as; like,kato,Wiktionary Bulgarian wordlist (OpenSubtitles-based)
33,Pronouns & particles,той,he,toy,Wiktionary Bulgarian wordlist (OpenSubtitles-based)
34,Verbs,има,there is; has,ima,Wiktionary Bulgarian wordlist (OpenSubtitles-based)
35,Pronouns & particles,му,to him; his,mu,Wiktionary Bulgarian wordlist (OpenSubtitles-based)
36,Other common words,нещо,something; thing,neshto,Wiktionary Bulgarian wordlist (OpenSubtitles-based)
37,Verbs,беше,was,beshe,Wiktionary Bulgarian wordlist (OpenSubtitles-based)
38,Pronouns & particles,ни,us; our,ni,Wiktionary Bulgarian wordlist (OpenSubtitles-based)
39,Questions & relative words,как,how,kak,Wiktionary Bulgarian wordlist (OpenSubtitles-based)
40,Other common words,само,only; just,samo,Wiktionary Bulgarian wordlist (OpenSubtitles-based)
41,Questions & relative words,защо,why,zashto,Wiktionary Bulgarian wordlist (OpenSubtitles-based)
42,Verbs,знам,I know,znam,Wiktionary Bulgarian wordlist (OpenSubtitles-based)
43,Other common words,всичко,everything,vsichko,Wiktionary Bulgarian wordlist (OpenSubtitles-based)
44,Pronouns & particles,мен,me,men,Wiktionary Bulgarian wordlist (OpenSubtitles-based)
45,Time,сега,now,sega,Wiktionary Bulgarian wordlist (OpenSubtitles-based)
46,Pronouns & particles,теб,you,teb,Wiktionary Bulgarian wordlist (OpenSubtitles-based)
47,Pronouns & particles,ги,them,gi,Wiktionary Bulgarian wordlist (OpenSubtitles-based)
48,Verbs,искам,I want,iskam,Wiktionary Bulgarian wordlist (OpenSubtitles-based)
49,Other common words,още,more; still; yet,oshte,Wiktionary Bulgarian wordlist (OpenSubtitles-based)
50,Verbs,мога,I can,moga,Wiktionary Bulgarian wordlist (OpenSubtitles-based)
51,Prepositions & conjunctions,до,to; until,do,Wiktionary Bulgarian wordlist (OpenSubtitles-based)
52,Questions & relative words,което,which; that,koeto,Wiktionary Bulgarian wordlist (OpenSubtitles-based)
53,Pronouns & particles,тя,she,tya,Wiktionary Bulgarian wordlist (OpenSubtitles-based)
54,Questions & relative words,когато,when,kogato,Wiktionary Bulgarian wordlist (OpenSubtitles-based)
55,Other common words,този,this,tozi,Wiktionary Bulgarian wordlist (OpenSubtitles-based)
56,Verbs,сте,you are,ste,Wiktionary Bulgarian wordlist (OpenSubtitles-based)
57,Questions & relative words,къде,where,kade,Wiktionary Bulgarian wordlist (OpenSubtitles-based)
58,Verbs,би,would,bi,Wiktionary Bulgarian wordlist (OpenSubtitles-based)
59,Adjectives & adverbs,просто,simply; just,prosto,Wiktionary Bulgarian wordlist (OpenSubtitles-based)
60,Prepositions & conjunctions,или,or,ili,Wiktionary Bulgarian wordlist (OpenSubtitles-based)
61,Verbs,сме,we are,sme,Wiktionary Bulgarian wordlist (OpenSubtitles-based)
62,Adjectives & adverbs,всички,all; everyone,vsichki,Wiktionary Bulgarian wordlist (OpenSubtitles-based)
63,Other common words,нали,right? isn't it?,nali,Wiktionary Bulgarian wordlist (OpenSubtitles-based)
64,Greetings & polite phrases,благодаря,thank you,blagodarya,Wiktionary Bulgarian wordlist (OpenSubtitles-based)
65,Other common words,тази,this,tazi,Wiktionary Bulgarian wordlist (OpenSubtitles-based)
66,Negation,нищо,nothing,nishto,Wiktionary Bulgarian wordlist (OpenSubtitles-based)
67,Numbers,един,one; a,edin,Wiktionary Bulgarian wordlist (OpenSubtitles-based)
68,Adjectives & adverbs,малко,little; a little,malko,Wiktionary Bulgarian wordlist (OpenSubtitles-based)
69,Verbs,знаеш,you know,znaesh,Wiktionary Bulgarian wordlist (OpenSubtitles-based)
70,Adjectives & adverbs,толкова,so much; so,tolkova,Wiktionary Bulgarian wordlist (OpenSubtitles-based)
71,Adjectives & adverbs,най,most; -est,nay,Wiktionary Bulgarian wordlist (OpenSubtitles-based)
72,Other common words,там,there,tam,Wiktionary Bulgarian wordlist (OpenSubtitles-based)
73,Greetings & polite phrases,хайде,come on; let's go,hayde,Wiktionary Bulgarian wordlist (OpenSubtitles-based)
74,Verbs,искаш,you want,iskash,Wiktionary Bulgarian wordlist (OpenSubtitles-based)
75,Time,време,time; weather,vreme,Wiktionary Bulgarian wordlist (OpenSubtitles-based)
76,Prepositions & conjunctions,след,after,sled,Wiktionary Bulgarian wordlist (OpenSubtitles-based)
77,Prepositions & conjunctions,защото,because,zashtoto,Wiktionary Bulgarian wordlist (OpenSubtitles-based)
78,Verbs,мисля,I think,mislya,Wiktionary Bulgarian wordlist (OpenSubtitles-based)
79,Questions & relative words,кой,who; which,koy,Wiktionary Bulgarian wordlist (OpenSubtitles-based)
80,Questions & relative words,който,who; which; that,koyto,Wiktionary Bulgarian wordlist (OpenSubtitles-based)
81,Verbs,имам,I have,imam,Wiktionary Bulgarian wordlist (OpenSubtitles-based)
82,Adjectives & adverbs,вече,already; now,veche,Wiktionary Bulgarian wordlist (OpenSubtitles-based)
83,Other common words,някой,someone,nyakoy,Wiktionary Bulgarian wordlist (OpenSubtitles-based)
84,Prepositions & conjunctions,преди,before,predi,Wiktionary Bulgarian wordlist (OpenSubtitles-based)
85,Other common words,тези,these,tezi,Wiktionary Bulgarian wordlist (OpenSubtitles-based)
86,Greetings & polite phrases,моля,please; I ask,molya,Wiktionary Bulgarian wordlist (OpenSubtitles-based)
87,Pronouns & particles,него,him,nego,Wiktionary Bulgarian wordlist (OpenSubtitles-based)
88,Other common words,каза,said,kaza,Wiktionary Bulgarian wordlist (OpenSubtitles-based)
89,Adjectives & adverbs,наистина,really; truly,naistina,Wiktionary Bulgarian wordlist (OpenSubtitles-based)
90,Verbs,можеш,you can,mozhesh,Wiktionary Bulgarian wordlist (OpenSubtitles-based)
91,Verbs,става,happens; becomes; works,stava,Wiktionary Bulgarian wordlist (OpenSubtitles-based)
92,Pronouns & particles,вие,you formal/plural,vie,Wiktionary Bulgarian wordlist (OpenSubtitles-based)
93,Adjectives & adverbs,точно,exactly,tochno,Wiktionary Bulgarian wordlist (OpenSubtitles-based)
94,Pronouns & particles,ние,we,nie,Wiktionary Bulgarian wordlist (OpenSubtitles-based)
95,Verbs,съжалявам,I am sorry,sazhalyavam,Wiktionary Bulgarian wordlist (OpenSubtitles-based)
96,Questions & relative words,които,who; which plural,koito,Wiktionary Bulgarian wordlist (OpenSubtitles-based)
97,Numbers,една,one; a feminine,edna,Wiktionary Bulgarian wordlist (OpenSubtitles-based)
98,Adjectives & adverbs,повече,more,poveche,Wiktionary Bulgarian wordlist (OpenSubtitles-based)
99,Verbs,имаш,you have,imash,Wiktionary Bulgarian wordlist (OpenSubtitles-based)
100,Time,тогава,then,togava,Wiktionary Bulgarian wordlist (OpenSubtitles-based)
101,Pronouns & particles,им,to them; their,im,Wiktionary Bulgarian wordlist (OpenSubtitles-based)
102,People & family,човек,person; man,chovek,Wiktionary Bulgarian wordlist (OpenSubtitles-based)
103,Prepositions & conjunctions,при,at; by; with,pri,Wiktionary Bulgarian wordlist (OpenSubtitles-based)
104,Prepositions & conjunctions,без,without,bez,Wiktionary Bulgarian wordlist (OpenSubtitles-based)
105,Questions & relative words,колко,how much; how many,kolko,Wiktionary Bulgarian wordlist (OpenSubtitles-based)
106,Numbers,едно,one; a neuter,edno,Wiktionary Bulgarian wordlist (OpenSubtitles-based)
107,"Objects, places & abstract nouns",работа,work; job,rabota,Wiktionary Bulgarian wordlist (OpenSubtitles-based)
108,Prepositions & conjunctions,към,toward; to,kam,Wiktionary Bulgarian wordlist (OpenSubtitles-based)
109,Adjectives & adverbs,все,always; still; all,vse,Wiktionary Bulgarian wordlist (OpenSubtitles-based)
110,Negation,никога,never,nikoga,Wiktionary Bulgarian wordlist (OpenSubtitles-based)
111,Verbs,кажа,I say; I will say,kazha,Wiktionary Bulgarian wordlist (OpenSubtitles-based)
112,Other common words,ето,here is; there,eto,Wiktionary Bulgarian wordlist (OpenSubtitles-based)
113,Time,ден,day,den,Wiktionary Bulgarian wordlist (OpenSubtitles-based)
114,Verbs,значи,means; so,znachi,Wiktionary Bulgarian wordlist (OpenSubtitles-based)
115,Time,бях,I was,byah,Wiktionary Bulgarian wordlist (OpenSubtitles-based)
116,Prepositions & conjunctions,през,through; during,prez,Wiktionary Bulgarian wordlist (OpenSubtitles-based)
117,Pronouns & particles,нас,us,nas,Wiktionary Bulgarian wordlist (OpenSubtitles-based)
118,Verbs,правиш,you do; you make,pravish,Wiktionary Bulgarian wordlist (OpenSubtitles-based)
119,People & family,хора,people,hora,Wiktionary Bulgarian wordlist (OpenSubtitles-based)
120,Verbs,бъде,be; will be,bade,Wiktionary Bulgarian wordlist (OpenSubtitles-based)
121,"Objects, places & abstract nouns",път,road; way; time,pat,Wiktionary Bulgarian wordlist (OpenSubtitles-based)
122,Prepositions & conjunctions,със,with,sas,Wiktionary Bulgarian wordlist (OpenSubtitles-based)
123,Time,години,years,godini,Wiktionary Bulgarian wordlist (OpenSubtitles-based)
124,Verbs,мислиш,you think,mislish,Wiktionary Bulgarian wordlist (OpenSubtitles-based)
125,Other common words,дори,even,dori,Wiktionary Bulgarian wordlist (OpenSubtitles-based)
126,Other common words,както,as; just as,kakto,Wiktionary Bulgarian wordlist (OpenSubtitles-based)
127,Verbs,бил,was; has been masculine,bil,Wiktionary Bulgarian wordlist (OpenSubtitles-based)
128,People & family,баща,father,bashta,Wiktionary Bulgarian wordlist (OpenSubtitles-based)
129,Other common words,ами,well; um,ami,Wiktionary Bulgarian wordlist (OpenSubtitles-based)
130,Verbs,имаме,we have,imame,Wiktionary Bulgarian wordlist (OpenSubtitles-based)
131,Pronouns & particles,вас,you formal/plural object,vas,Wiktionary Bulgarian wordlist (OpenSubtitles-based)
132,Names / colloquial / corpus noise,сър,sir,sar,Wiktionary Bulgarian wordlist (OpenSubtitles-based)
133,Verbs,направи,make; do; made,napravi,Wiktionary Bulgarian wordlist (OpenSubtitles-based)
134,Verbs,разбира,understands,razbira,Wiktionary Bulgarian wordlist (OpenSubtitles-based)
135,Questions & relative words,която,which; that feminine,koyato,Wiktionary Bulgarian wordlist (OpenSubtitles-based)
136,Other common words,също,also; too,sashto,Wiktionary Bulgarian wordlist (OpenSubtitles-based)
137,Other common words,винаги,always,vinagi,Wiktionary Bulgarian wordlist (OpenSubtitles-based)
138,Verbs,виж,look; see,vizh,Wiktionary Bulgarian wordlist (OpenSubtitles-based)
139,Verbs,иска,wants,iska,Wiktionary Bulgarian wordlist (OpenSubtitles-based)
140,Pronouns & particles,нея,her,neya,Wiktionary Bulgarian wordlist (OpenSubtitles-based)
141,Prepositions & conjunctions,докато,while; until,dokato,Wiktionary Bulgarian wordlist (OpenSubtitles-based)
142,Other common words,всеки,each; every,vseki,Wiktionary Bulgarian wordlist (OpenSubtitles-based)
143,Names / colloquial / corpus noise,дяволите,the hell; devils,dyavolite,Wiktionary Bulgarian wordlist (OpenSubtitles-based)
144,Verbs,видя,saw; see,vidya,Wiktionary Bulgarian wordlist (OpenSubtitles-based)
145,Verbs,казах,I said,kazah,Wiktionary Bulgarian wordlist (OpenSubtitles-based)
146,Negation,никой,nobody,nikoy,Wiktionary Bulgarian wordlist (OpenSubtitles-based)
147,Verbs,нека,let; let's,neka,Wiktionary Bulgarian wordlist (OpenSubtitles-based)
148,People & family,хората,the people,horata,Wiktionary Bulgarian wordlist (OpenSubtitles-based)
149,Verbs,дали,whether; if,dali,Wiktionary Bulgarian wordlist (OpenSubtitles-based)
150,Verbs,кажи,tell; say imperative,kazhi,Wiktionary Bulgarian wordlist (OpenSubtitles-based)
151,People & family,жена,woman; wife,zhena,Wiktionary Bulgarian wordlist (OpenSubtitles-based)
152,Other common words,пак,again,pak,Wiktionary Bulgarian wordlist (OpenSubtitles-based)
153,Prepositions & conjunctions,във,in,vav,Wiktionary Bulgarian wordlist (OpenSubtitles-based)
154,Pronouns & particles,тях,them,tyah,Wiktionary Bulgarian wordlist (OpenSubtitles-based)
155,People & family,майка,mother,mayka,Wiktionary Bulgarian wordlist (OpenSubtitles-based)
156,Other common words,неща,things,neshta,Wiktionary Bulgarian wordlist (OpenSubtitles-based)
157,Verbs,направя,I make; I do,napravya,Wiktionary Bulgarian wordlist (OpenSubtitles-based)
158,Verbs,можем,we can,mozhem,Wiktionary Bulgarian wordlist (OpenSubtitles-based)
159,Verbs,прави,does; makes,pravi,Wiktionary Bulgarian wordlist (OpenSubtitles-based)
160,"Objects, places & abstract nouns",място,place,myasto,Wiktionary Bulgarian wordlist (OpenSubtitles-based)
161,Verbs,кажеш,you say; you tell,kazhesh,Wiktionary Bulgarian wordlist (OpenSubtitles-based)
162,Pronouns & particles,сам,alone; myself; he is,sam,Wiktionary Bulgarian wordlist (OpenSubtitles-based)
163,Greetings & polite phrases,хей,hey,hey,Wiktionary Bulgarian wordlist (OpenSubtitles-based)
164,Verbs,трябваше,had to; should have,tryabvashe,Wiktionary Bulgarian wordlist (OpenSubtitles-based)
165,Prepositions & conjunctions,заради,because of,zaradi,Wiktionary Bulgarian wordlist (OpenSubtitles-based)
166,"Objects, places & abstract nouns",живота,the life,zhivota,Wiktionary Bulgarian wordlist (OpenSubtitles-based)
167,People & family,татко,dad,tatko,Wiktionary Bulgarian wordlist (OpenSubtitles-based)
168,Names / colloquial / corpus noise,боже,God; oh God,bozhe,Wiktionary Bulgarian wordlist (OpenSubtitles-based)
169,Time,днес,today,dnes,Wiktionary Bulgarian wordlist (OpenSubtitles-based)
170,Verbs,изглежда,looks; seems,izglezhda,Wiktionary Bulgarian wordlist (OpenSubtitles-based)
171,Adjectives & adverbs,наред,in order; okay,nared,Wiktionary Bulgarian wordlist (OpenSubtitles-based)
172,Adjectives & adverbs,няколко,several; a few,nyakolko,Wiktionary Bulgarian wordlist (OpenSubtitles-based)
173,Adjectives & adverbs,доста,quite; enough,dosta,Wiktionary Bulgarian wordlist (OpenSubtitles-based)
174,Adjectives & adverbs,друг,other; another,drug,Wiktionary Bulgarian wordlist (OpenSubtitles-based)
175,Adjectives & adverbs,добър,good masculine,dobar,Wiktionary Bulgarian wordlist (OpenSubtitles-based)
176,Verbs,бих,I would,bih,Wiktionary Bulgarian wordlist (OpenSubtitles-based)
177,Greetings & polite phrases,здравей,hello,zdravey,Wiktionary Bulgarian wordlist (OpenSubtitles-based)
178,Other common words,отново,again,otnovo,Wiktionary Bulgarian wordlist (OpenSubtitles-based)
179,Adjectives & adverbs,добро,good neuter,dobro,Wiktionary Bulgarian wordlist (OpenSubtitles-based)
180,Verbs,обичам,I love,obicham,Wiktionary Bulgarian wordlist (OpenSubtitles-based)
181,Numbers,две,two feminine/neuter,dve,Wiktionary Bulgarian wordlist (OpenSubtitles-based)
182,Verbs,знае,knows,znae,Wiktionary Bulgarian wordlist (OpenSubtitles-based)
183,"Objects, places & abstract nouns",пари,money,pari,Wiktionary Bulgarian wordlist (OpenSubtitles-based)
184,Other common words,затова,therefore; that's why,zatova,Wiktionary Bulgarian wordlist (OpenSubtitles-based)
185,Adjectives & adverbs,бързо,quickly; fast,barzo,Wiktionary Bulgarian wordlist (OpenSubtitles-based)
186,Verbs,мислех,I thought,misleh,Wiktionary Bulgarian wordlist (OpenSubtitles-based)
187,"Objects, places & abstract nouns",нужда,need,nuzhda,Wiktionary Bulgarian wordlist (OpenSubtitles-based)
188,Time,после,afterwards; later,posle,Wiktionary Bulgarian wordlist (OpenSubtitles-based)
189,Greetings & polite phrases,ей,hey,ey,Wiktionary Bulgarian wordlist (OpenSubtitles-based)
190,Pronouns & particles,моя,my masculine,moya,Wiktionary Bulgarian wordlist (OpenSubtitles-based)
191,"Objects, places & abstract nouns",начин,way; method,nachin,Wiktionary Bulgarian wordlist (OpenSubtitles-based)
192,Verbs,бе,was; hey,be,Wiktionary Bulgarian wordlist (OpenSubtitles-based)
193,Other common words,приятел,friend,priyatel,Wiktionary Bulgarian wordlist (OpenSubtitles-based)
194,Adjectives & adverbs,сигурно,surely; probably,sigurno,Wiktionary Bulgarian wordlist (OpenSubtitles-based)
195,Verbs,ела,come,ela,Wiktionary Bulgarian wordlist (OpenSubtitles-based)
196,Verbs,дай,give,day,Wiktionary Bulgarian wordlist (OpenSubtitles-based)
197,Verbs,видим,see; we see,vidim,Wiktionary Bulgarian wordlist (OpenSubtitles-based)
198,Negation,нямам,I don't have,nyamam,Wiktionary Bulgarian wordlist (OpenSubtitles-based)
199,Adjectives & adverbs,заедно,together,zaedno,Wiktionary Bulgarian wordlist (OpenSubtitles-based)
200,Other common words,чакай,wait,chakay,Wiktionary Bulgarian wordlist (OpenSubtitles-based)
201,Time,веднага,immediately,vednaga,Wiktionary Bulgarian wordlist (OpenSubtitles-based)
202,"Objects, places & abstract nouns",проблем,problem,problem,Wiktionary Bulgarian wordlist (OpenSubtitles-based)
203,Numbers,три,three,tri,Wiktionary Bulgarian wordlist (OpenSubtitles-based)
204,Verbs,дойде,came,doyde,Wiktionary Bulgarian wordlist (OpenSubtitles-based)
205,"Objects, places & abstract nouns",живот,life,zhivot,Wiktionary Bulgarian wordlist (OpenSubtitles-based)
206,Time,вечер,evening,vecher,Wiktionary Bulgarian wordlist (OpenSubtitles-based)
207,Verbs,правя,I do; I make,pravya,Wiktionary Bulgarian wordlist (OpenSubtitles-based)
208,Adjectives & adverbs,достатъчно,enough,dostatachno,Wiktionary Bulgarian wordlist (OpenSubtitles-based)
209,Prepositions & conjunctions,под,under,pod,Wiktionary Bulgarian wordlist (OpenSubtitles-based)
210,Other common words,то,it,to,Wiktionary Bulgarian wordlist (OpenSubtitles-based)
211,Verbs,стана,became; happened,stana,Wiktionary Bulgarian wordlist (OpenSubtitles-based)
212,Verbs,говори,speaks; talk,govori,Wiktionary Bulgarian wordlist (OpenSubtitles-based)
213,Other common words,всъщност,actually,vsashtnost,Wiktionary Bulgarian wordlist (OpenSubtitles-based)
214,Questions & relative words,какъв,what kind of masculine,kakav,Wiktionary Bulgarian wordlist (OpenSubtitles-based)
215,Questions & relative words,каквото,whatever; what,kakvoto,Wiktionary Bulgarian wordlist (OpenSubtitles-based)
216,"Objects, places & abstract nouns",колата,the car,kolata,Wiktionary Bulgarian wordlist (OpenSubtitles-based)
217,"Objects, places & abstract nouns",нещата,the things,neshtata,Wiktionary Bulgarian wordlist (OpenSubtitles-based)
218,Verbs,разбирам,I understand,razbiram,Wiktionary Bulgarian wordlist (OpenSubtitles-based)
219,Verbs,говоря,I speak,govorya,Wiktionary Bulgarian wordlist (OpenSubtitles-based)
220,Other common words,скоро,soon; recently,skoro,Wiktionary Bulgarian wordlist (OpenSubtitles-based)
221,Verbs,казва,says,kazva,Wiktionary Bulgarian wordlist (OpenSubtitles-based)
222,Verbs,исках,I wanted,iskah,Wiktionary Bulgarian wordlist (OpenSubtitles-based)
223,Names / colloquial / corpus noise,господи,Lord; oh Lord,gospodi,Wiktionary Bulgarian wordlist (OpenSubtitles-based)
224,Verbs,казвам,I say,kazvam,Wiktionary Bulgarian wordlist (OpenSubtitles-based)
225,Verbs,знаете,you know formal/plural,znaete,Wiktionary Bulgarian wordlist (OpenSubtitles-based)
226,Time,утре,tomorrow,utre,Wiktionary Bulgarian wordlist (OpenSubtitles-based)
227,People & family,момчета,boys; guys,momcheta,Wiktionary Bulgarian wordlist (OpenSubtitles-based)
228,Verbs,стане,become; happen,stane,Wiktionary Bulgarian wordlist (OpenSubtitles-based)
229,Verbs,имате,you have formal/plural,imate,Wiktionary Bulgarian wordlist (OpenSubtitles-based)
230,Greetings & polite phrases,здрасти,hi,zdrasti,Wiktionary Bulgarian wordlist (OpenSubtitles-based)
231,Other common words,сигурен,sure masculine,siguren,Wiktionary Bulgarian wordlist (OpenSubtitles-based)
232,Time,късно,late,kasno,Wiktionary Bulgarian wordlist (OpenSubtitles-based)
233,Verbs,харесва,likes,haresva,Wiktionary Bulgarian wordlist (OpenSubtitles-based)
234,Verbs,стига,enough; stop,stiga,Wiktionary Bulgarian wordlist (OpenSubtitles-based)
235,"Objects, places & abstract nouns",работата,the work; the job,rabotata,Wiktionary Bulgarian wordlist (OpenSubtitles-based)
236,Verbs,говориш,you speak,govorish,Wiktionary Bulgarian wordlist (OpenSubtitles-based)
237,Questions & relative words,кога,when,koga,Wiktionary Bulgarian wordlist (OpenSubtitles-based)
238,Prepositions & conjunctions,пред,in front of; before,pred,Wiktionary Bulgarian wordlist (OpenSubtitles-based)
239,Other common words,скъпа,dear feminine; expensive feminine,skapa,Wiktionary Bulgarian wordlist (OpenSubtitles-based)
240,Time,нощ,night,nosht,Wiktionary Bulgarian wordlist (OpenSubtitles-based)
241,Other common words,добра,good feminine,dobra,Wiktionary Bulgarian wordlist (OpenSubtitles-based)
242,Questions & relative words,каква,what kind of feminine,kakva,Wiktionary Bulgarian wordlist (OpenSubtitles-based)
243,Greetings & polite phrases,извинете,excuse me formal/plural,izvinete,Wiktionary Bulgarian wordlist (OpenSubtitles-based)
244,People & family,момиче,girl,momiche,Wiktionary Bulgarian wordlist (OpenSubtitles-based)
245,Verbs,виждам,I see,vizhdam,Wiktionary Bulgarian wordlist (OpenSubtitles-based)
246,Pronouns & particles,себе,self,sebe,Wiktionary Bulgarian wordlist (OpenSubtitles-based)
247,People & family,мамо,mom vocative,mamo,Wiktionary Bulgarian wordlist (OpenSubtitles-based)
248,Verbs,било,was; has been neuter,bilo,Wiktionary Bulgarian wordlist (OpenSubtitles-based)
249,Verbs,искате,you want formal/plural,iskate,Wiktionary Bulgarian wordlist (OpenSubtitles-based)
250,Verbs,направим,we make; we do,napravim,Wiktionary Bulgarian wordlist (OpenSubtitles-based)
251,Time,часа,hours; o'clock,chasa,Wiktionary Bulgarian wordlist (OpenSubtitles-based)
252,Verbs,била,was; has been feminine,bila,Wiktionary Bulgarian wordlist (OpenSubtitles-based)
253,Other common words,предвид,in mind; regard,predvid,Wiktionary Bulgarian wordlist (OpenSubtitles-based)
254,Verbs,бяха,they were,byaha,Wiktionary Bulgarian wordlist (OpenSubtitles-based)
255,"Objects, places & abstract nouns",парите,the money,parite,Wiktionary Bulgarian wordlist (OpenSubtitles-based)
256,"Objects, places & abstract nouns",името,the name,imeto,Wiktionary Bulgarian wordlist (OpenSubtitles-based)
257,Other common words,друго,other; something else,drugo,Wiktionary Bulgarian wordlist (OpenSubtitles-based)
258,Verbs,случи,happen,sluchi,Wiktionary Bulgarian wordlist (OpenSubtitles-based)
259,Time,минути,minutes,minuti,Wiktionary Bulgarian wordlist (OpenSubtitles-based)
260,"Objects, places & abstract nouns",част,part; hour,chast,Wiktionary Bulgarian wordlist (OpenSubtitles-based)
261,Prepositions & conjunctions,освен,except; besides,osven,Wiktionary Bulgarian wordlist (OpenSubtitles-based)
262,Verbs,имаше,there was; had,imashe,Wiktionary Bulgarian wordlist (OpenSubtitles-based)
263,Verbs,направиш,you make; you do,napravish,Wiktionary Bulgarian wordlist (OpenSubtitles-based)
264,Numbers,два,two masculine,dva,Wiktionary Bulgarian wordlist (OpenSubtitles-based)
265,Verbs,остави,leave; left,ostavi,Wiktionary Bulgarian wordlist (OpenSubtitles-based)
266,Adjectives & adverbs,хубаво,nice; good; well,hubavo,Wiktionary Bulgarian wordlist (OpenSubtitles-based)
267,Adjectives & adverbs,поне,at least,pone,Wiktionary Bulgarian wordlist (OpenSubtitles-based)
268,Prepositions & conjunctions,между,between,mezhdu,Wiktionary Bulgarian wordlist (OpenSubtitles-based)
269,Verbs,видях,I saw,vidyah,Wiktionary Bulgarian wordlist (OpenSubtitles-based)
270,Verbs,били,were; have been plural,bili,Wiktionary Bulgarian wordlist (OpenSubtitles-based)
271,Pronouns & particles,моята,my feminine,moyata,Wiktionary Bulgarian wordlist (OpenSubtitles-based)
272,Verbs,помогна,helped,pomogna,Wiktionary Bulgarian wordlist (OpenSubtitles-based)
273,Adjectives & adverbs,двамата,the two of them,dvamata,Wiktionary Bulgarian wordlist (OpenSubtitles-based)
274,Verbs,върна,returned,varna,Wiktionary Bulgarian wordlist (OpenSubtitles-based)
275,Pronouns & particles,мой,my; mine,moy,Wiktionary Bulgarian wordlist (OpenSubtitles-based)
276,Adjectives & adverbs,такъв,such; like that masculine,takav,Wiktionary Bulgarian wordlist (OpenSubtitles-based)
277,Other common words,що,why; what colloquial,shto,Wiktionary Bulgarian wordlist (OpenSubtitles-based)
278,Other common words,някои,some plural,nyakoi,Wiktionary Bulgarian wordlist (OpenSubtitles-based)
279,Questions & relative words,където,where,kadeto,Wiktionary Bulgarian wordlist (OpenSubtitles-based)
280,People & family,момче,boy,momche,Wiktionary Bulgarian wordlist (OpenSubtitles-based)
281,People & family,мъж,man; husband,mazh,Wiktionary Bulgarian wordlist (OpenSubtitles-based)
282,Adjectives & adverbs,чудесно,wonderful,chudesno,Wiktionary Bulgarian wordlist (OpenSubtitles-based)
283,Time,дни,days,dni,Wiktionary Bulgarian wordlist (OpenSubtitles-based)
284,People & family,човече,man; dude,choveche,Wiktionary Bulgarian wordlist (OpenSubtitles-based)
285,Other common words,бъда,I be; be,bada,Wiktionary Bulgarian wordlist (OpenSubtitles-based)
286,Names / colloquial / corpus noise,мамка,damn; mother vulgar,mamka,Wiktionary Bulgarian wordlist (OpenSubtitles-based)
287,Other common words,помощ,help,pomosht,Wiktionary Bulgarian wordlist (OpenSubtitles-based)
288,Verbs,радвам,I am glad,radvam,Wiktionary Bulgarian wordlist (OpenSubtitles-based)
289,Verbs,знаех,I knew,znaeh,Wiktionary Bulgarian wordlist (OpenSubtitles-based)
290,Verbs,щом,as soon as; since,shtom,Wiktionary Bulgarian wordlist (OpenSubtitles-based)
291,Other common words,май,apparently; probably,may,Wiktionary Bulgarian wordlist (OpenSubtitles-based)
292,People & family,деца,children,detsa,Wiktionary Bulgarian wordlist (OpenSubtitles-based)
293,Other common words,около,around; about,okolo,Wiktionary Bulgarian wordlist (OpenSubtitles-based)
294,People & family,брат,brother,brat,Wiktionary Bulgarian wordlist (OpenSubtitles-based)
295,People & family,приятели,friends,priyateli,Wiktionary Bulgarian wordlist (OpenSubtitles-based)
296,Verbs,правим,we do; we make,pravim,Wiktionary Bulgarian wordlist (OpenSubtitles-based)
297,Verbs,взема,take; I will take,vzema,Wiktionary Bulgarian wordlist (OpenSubtitles-based)
298,Adjectives & adverbs,ясно,clear,yasno,Wiktionary Bulgarian wordlist (OpenSubtitles-based)
299,Negation,нямаше,there wasn't; didn't have,nyamashe,Wiktionary Bulgarian wordlist (OpenSubtitles-based)
300,Other common words,времето,the time; the weather,vremeto,Wiktionary Bulgarian wordlist (OpenSubtitles-based)
301,Greetings & polite phrases,давай,come on; go ahead,davay,Wiktionary Bulgarian wordlist (OpenSubtitles-based)
302,Adjectives & adverbs,голяма,big feminine,golyama,Wiktionary Bulgarian wordlist (OpenSubtitles-based)
303,Verbs,работи,works; work plural,raboti,Wiktionary Bulgarian wordlist (OpenSubtitles-based)
304,Other common words,главата,the head,glavata,Wiktionary Bulgarian wordlist (OpenSubtitles-based)
305,"Objects, places & abstract nouns",страна,country; side,strana,Wiktionary Bulgarian wordlist (OpenSubtitles-based)
306,Adjectives & adverbs,вътре,inside,vatre,Wiktionary Bulgarian wordlist (OpenSubtitles-based)
307,Verbs,могат,they can,mogat,Wiktionary Bulgarian wordlist (OpenSubtitles-based)
308,Pronouns & particles,твоя,your masculine,tvoya,Wiktionary Bulgarian wordlist (OpenSubtitles-based)
309,Adjectives & adverbs,други,other plural,drugi,Wiktionary Bulgarian wordlist (OpenSubtitles-based)
310,Adjectives & adverbs,колкото,as much as; however much,kolkoto,Wiktionary Bulgarian wordlist (OpenSubtitles-based)
311,Other common words,момент,moment,moment,Wiktionary Bulgarian wordlist (OpenSubtitles-based)
312,Adjectives & adverbs,страхотно,great; awesome,strahotno,Wiktionary Bulgarian wordlist (OpenSubtitles-based)
313,Negation,нито,neither; nor,nito,Wiktionary Bulgarian wordlist (OpenSubtitles-based)
314,Adjectives & adverbs,първо,first,parvo,Wiktionary Bulgarian wordlist (OpenSubtitles-based)
315,Other common words,спри,stop,spri,Wiktionary Bulgarian wordlist (OpenSubtitles-based)
316,Time,година,year,godina,Wiktionary Bulgarian wordlist (OpenSubtitles-based)
317,Other common words,направил,made; done masculine,napravil,Wiktionary Bulgarian wordlist (OpenSubtitles-based)
318,Other common words,върви,goes; walk,varvi,Wiktionary Bulgarian wordlist (OpenSubtitles-based)
319,Other common words,срещу,against; opposite,sreshtu,Wiktionary Bulgarian wordlist (OpenSubtitles-based)
320,Adjectives & adverbs,лошо,bad; badly,losho,Wiktionary Bulgarian wordlist (OpenSubtitles-based)
321,Other common words,можете,you can formal/plural,mozhete,Wiktionary Bulgarian wordlist (OpenSubtitles-based)
322,Other common words,кажете,tell; say formal/plural,kazhete,Wiktionary Bulgarian wordlist (OpenSubtitles-based)
323,Verbs,предполагам,I suppose,predpolagam,Wiktionary Bulgarian wordlist (OpenSubtitles-based)
324,Questions & relative words,откъде,from where,otkade,Wiktionary Bulgarian wordlist (OpenSubtitles-based)
325,Greetings & polite phrases,здравейте,hello formal/plural,zdraveyte,Wiktionary Bulgarian wordlist (OpenSubtitles-based)
326,Verbs,имат,they have,imat,Wiktionary Bulgarian wordlist (OpenSubtitles-based)
327,Adjectives & adverbs,голям,big masculine,golyam,Wiktionary Bulgarian wordlist (OpenSubtitles-based)
328,Verbs,знаем,we know,znaem,Wiktionary Bulgarian wordlist (OpenSubtitles-based)
329,Other common words,име,name,ime,Wiktionary Bulgarian wordlist (OpenSubtitles-based)
330,Adjectives & adverbs,трудно,difficult; hard,trudno,Wiktionary Bulgarian wordlist (OpenSubtitles-based)
331,Other common words,света,the world,sveta,Wiktionary Bulgarian wordlist (OpenSubtitles-based)
332,Adjectives & adverbs,такива,such plural,takiva,Wiktionary Bulgarian wordlist (OpenSubtitles-based)
333,Questions & relative words,какви,what kind of plural,kakvi,Wiktionary Bulgarian wordlist (OpenSubtitles-based)
334,Other common words,пъти,times; roads,pati,Wiktionary Bulgarian wordlist (OpenSubtitles-based)
335,Adjectives & adverbs,вероятно,probably,veroyatno,Wiktionary Bulgarian wordlist (OpenSubtitles-based)
336,Verbs,виждаш,you see,vizhdash,Wiktionary Bulgarian wordlist (OpenSubtitles-based)
337,Time,момента,the moment,momenta,Wiktionary Bulgarian wordlist (OpenSubtitles-based)
338,"Objects, places & abstract nouns",къщата,the house,kashtata,Wiktionary Bulgarian wordlist (OpenSubtitles-based)
339,"Objects, places & abstract nouns",случай,case; occasion,sluchay,Wiktionary Bulgarian wordlist (OpenSubtitles-based)
340,Names / colloquial / corpus noise,джак,Jack; jack,dzhak,Wiktionary Bulgarian wordlist (OpenSubtitles-based)
341,"Objects, places & abstract nouns",въпрос,question,vapros,Wiktionary Bulgarian wordlist (OpenSubtitles-based)
342,"Objects, places & abstract nouns",значение,meaning; importance,znachenie,Wiktionary Bulgarian wordlist (OpenSubtitles-based)
343,Names / colloquial / corpus noise,джон,John,dzhon,Wiktionary Bulgarian wordlist (OpenSubtitles-based)
344,Adjectives & adverbs,прав,right; correct,prav,Wiktionary Bulgarian wordlist (OpenSubtitles-based)
345,Adjectives & adverbs,почти,almost,pochti,Wiktionary Bulgarian wordlist (OpenSubtitles-based)
346,People & family,децата,the children,detsata,Wiktionary Bulgarian wordlist (OpenSubtitles-based)
347,Verbs,казваш,you say,kazvash,Wiktionary Bulgarian wordlist (OpenSubtitles-based)
348,Adjectives & adverbs,мъртъв,dead masculine,martav,Wiktionary Bulgarian wordlist (OpenSubtitles-based)
349,Adjectives & adverbs,сериозно,seriously,seriozno,Wiktionary Bulgarian wordlist (OpenSubtitles-based)
350,Verbs,обади,call,obadi,Wiktionary Bulgarian wordlist (OpenSubtitles-based)
351,Other common words,де,where; come on colloquial,de,Wiktionary Bulgarian wordlist (OpenSubtitles-based)
352,"Objects, places & abstract nouns",идея,idea,ideya,Wiktionary Bulgarian wordlist (OpenSubtitles-based)
353,Questions & relative words,кого,whom,kogo,Wiktionary Bulgarian wordlist (OpenSubtitles-based)
354,Time,веднъж,once,vednazh,Wiktionary Bulgarian wordlist (OpenSubtitles-based)
355,Verbs,вземи,take imperative,vzemi,Wiktionary Bulgarian wordlist (OpenSubtitles-based)
356,Adjectives & adverbs,такова,such; like that neuter,takova,Wiktionary Bulgarian wordlist (OpenSubtitles-based)
357,Verbs,щеше,would; was going to,shteshe,Wiktionary Bulgarian wordlist (OpenSubtitles-based)
358,Other common words,току,just; only,toku,Wiktionary Bulgarian wordlist (OpenSubtitles-based)
359,People & family,дете,child,dete,Wiktionary Bulgarian wordlist (OpenSubtitles-based)
360,Other common words,вкъщи,at home,vkashti,Wiktionary Bulgarian wordlist (OpenSubtitles-based)
361,Other common words,пък,but; again; on the other hand,pak,Wiktionary Bulgarian wordlist (OpenSubtitles-based)
362,Adjectives & adverbs,твърде,too; overly,tvarde,Wiktionary Bulgarian wordlist (OpenSubtitles-based)
363,Verbs,идва,comes,idva,Wiktionary Bulgarian wordlist (OpenSubtitles-based)
364,Verbs,тръгваме,we leave; we set off,tragvame,Wiktionary Bulgarian wordlist (OpenSubtitles-based)
365,Adjectives & adverbs,всяка,each; every feminine,vsyaka,Wiktionary Bulgarian wordlist (OpenSubtitles-based)
366,Verbs,означава,means,oznachava,Wiktionary Bulgarian wordlist (OpenSubtitles-based)
367,Other common words,оттук,from here,ottuk,Wiktionary Bulgarian wordlist (OpenSubtitles-based)
368,Adjectives & adverbs,готов,ready masculine,gotov,Wiktionary Bulgarian wordlist (OpenSubtitles-based)
369,Verbs,надявам,I hope,nadyavam,Wiktionary Bulgarian wordlist (OpenSubtitles-based)
370,Prepositions & conjunctions,върху,on; upon,varhu,Wiktionary Bulgarian wordlist (OpenSubtitles-based)
371,Adjectives & adverbs,истината,the truth,istinata,Wiktionary Bulgarian wordlist (OpenSubtitles-based)
372,Greetings & polite phrases,извинявай,sorry; excuse me informal,izvinyavay,Wiktionary Bulgarian wordlist (OpenSubtitles-based)
373,Other common words,вървим,we go; we walk,varvim,Wiktionary Bulgarian wordlist (OpenSubtitles-based)
374,People & family,мама,mom,mama,Wiktionary Bulgarian wordlist (OpenSubtitles-based)
375,Prepositions & conjunctions,над,above; over,nad,Wiktionary Bulgarian wordlist (OpenSubtitles-based)
376,Verbs,свърши,finished; end,svarshi,Wiktionary Bulgarian wordlist (OpenSubtitles-based)
377,Verbs,мисли,thinks; thoughts,misli,Wiktionary Bulgarian wordlist (OpenSubtitles-based)
378,Verbs,видиш,you see,vidish,Wiktionary Bulgarian wordlist (OpenSubtitles-based)
379,Names / colloquial / corpus noise,што,what; why nonstandard,shto,Wiktionary Bulgarian wordlist (OpenSubtitles-based)
380,"Objects, places & abstract nouns",земята,the earth; the ground,zemyata,Wiktionary Bulgarian wordlist (OpenSubtitles-based)
381,People & family,дъщеря,daughter,dashterya,Wiktionary Bulgarian wordlist (OpenSubtitles-based)
382,"Objects, places & abstract nouns",дома,home,doma,Wiktionary Bulgarian wordlist (OpenSubtitles-based)
383,Time,понякога,sometimes,ponyakoga,Wiktionary Bulgarian wordlist (OpenSubtitles-based)
384,Adjectives & adverbs,лесно,easy; easily,lesno,Wiktionary Bulgarian wordlist (OpenSubtitles-based)
385,"Objects, places & abstract nouns",свят,world,svyat,Wiktionary Bulgarian wordlist (OpenSubtitles-based)
386,Verbs,слушай,listen,slushay,Wiktionary Bulgarian wordlist (OpenSubtitles-based)
387,Verbs,говорим,we speak,govorim,Wiktionary Bulgarian wordlist (OpenSubtitles-based)
388,Time,час,hour; class,chas,Wiktionary Bulgarian wordlist (OpenSubtitles-based)
389,Time,седмица,week,sedmitsa,Wiktionary Bulgarian wordlist (OpenSubtitles-based)
390,"Objects, places & abstract nouns",вратата,the door,vratata,Wiktionary Bulgarian wordlist (OpenSubtitles-based)
391,Other common words,долу,down; downstairs,dolu,Wiktionary Bulgarian wordlist (OpenSubtitles-based)
392,Verbs,разбираш,you understand,razbirash,Wiktionary Bulgarian wordlist (OpenSubtitles-based)
393,Verbs,чувствам,I feel,chuvstvam,Wiktionary Bulgarian wordlist (OpenSubtitles-based)
394,Adjectives & adverbs,всичките,all of them,vsichkite,Wiktionary Bulgarian wordlist (OpenSubtitles-based)
395,Adjectives & adverbs,напълно,completely,napalno,Wiktionary Bulgarian wordlist (OpenSubtitles-based)
396,Adjectives & adverbs,възможно,possible,vazmozhno,Wiktionary Bulgarian wordlist (OpenSubtitles-based)
397,Verbs,погледни,look,pogledni,Wiktionary Bulgarian wordlist (OpenSubtitles-based)
398,Verbs,искал,wanted masculine,iskal,Wiktionary Bulgarian wordlist (OpenSubtitles-based)
399,Verbs,искаше,wanted; was wanting,iskashe,Wiktionary Bulgarian wordlist (OpenSubtitles-based)
400,Verbs,намери,find; found,nameri,Wiktionary Bulgarian wordlist (OpenSubtitles-based)
401,Verbs,каже,says; tell,kazhe,Wiktionary Bulgarian wordlist (OpenSubtitles-based)
402,Numbers,пет,five,pet,Wiktionary Bulgarian wordlist (OpenSubtitles-based)
403,Negation,нямаш,you don't have,nyamash,Wiktionary Bulgarian wordlist (OpenSubtitles-based)
404,Verbs,отида,I go; I will go,otida,Wiktionary Bulgarian wordlist (OpenSubtitles-based)
405,"Objects, places & abstract nouns",града,the city,grada,Wiktionary Bulgarian wordlist (OpenSubtitles-based)
406,Adjectives & adverbs,спокойно,calmly; don't worry,spokoyno,Wiktionary Bulgarian wordlist (OpenSubtitles-based)
407,"Objects, places & abstract nouns",среща,meeting,sreshta,Wiktionary Bulgarian wordlist (OpenSubtitles-based)
408,People & family,син,son; blue,sin,Wiktionary Bulgarian wordlist (OpenSubtitles-based)
409,Other common words,долара,dollars,dolara,Wiktionary Bulgarian wordlist (OpenSubtitles-based)
410,Verbs,казал,said masculine,kazal,Wiktionary Bulgarian wordlist (OpenSubtitles-based)
411,"Objects, places & abstract nouns",кола,car,kola,Wiktionary Bulgarian wordlist (OpenSubtitles-based)
412,Verbs,направих,I made; I did,napravih,Wiktionary Bulgarian wordlist (OpenSubtitles-based)
413,Verbs,поговорим,we talk; let's talk,pogovorim,Wiktionary Bulgarian wordlist (OpenSubtitles-based)
414,Adjectives & adverbs,скъпи,dear plural/masc; expensive plural,skapi,Wiktionary Bulgarian wordlist (OpenSubtitles-based)
415,People & family,сестра,sister,sestra,Wiktionary Bulgarian wordlist (OpenSubtitles-based)
416,Other common words,някога,sometime; ever,nyakoga,Wiktionary Bulgarian wordlist (OpenSubtitles-based)
417,Verbs,чух,I heard,chuh,Wiktionary Bulgarian wordlist (OpenSubtitles-based)
418,"Objects, places & abstract nouns",ръцете,the hands,ratsete,Wiktionary Bulgarian wordlist (OpenSubtitles-based)
419,Verbs,дам,I give; I will give,dam,Wiktionary Bulgarian wordlist (OpenSubtitles-based)
420,Pronouns & particles,моят,my masculine definite,moyat,Wiktionary Bulgarian wordlist (OpenSubtitles-based)
421,Other common words,проблеми,problems,problemi,Wiktionary Bulgarian wordlist (OpenSubtitles-based)
422,People & family,семейството,the family,semeystvoto,Wiktionary Bulgarian wordlist (OpenSubtitles-based)
423,Questions & relative words,коя,who; which feminine,koya,Wiktionary Bulgarian wordlist (OpenSubtitles-based)
424,Adjectives & adverbs,цялата,the whole feminine,tsyalata,Wiktionary Bulgarian wordlist (OpenSubtitles-based)
425,"Objects, places & abstract nouns",очите,the eyes,ochite,Wiktionary Bulgarian wordlist (OpenSubtitles-based)
426,Verbs,искат,they want,iskat,Wiktionary Bulgarian wordlist (OpenSubtitles-based)
427,Adjectives & adverbs,някакъв,some kind of masculine,nyakakav,Wiktionary Bulgarian wordlist (OpenSubtitles-based)
428,Adjectives & adverbs,вярно,true; right,vyarno,Wiktionary Bulgarian wordlist (OpenSubtitles-based)
429,Adjectives & adverbs,странно,strange; strangely,stranno,Wiktionary Bulgarian wordlist (OpenSubtitles-based)
430,Greetings & polite phrases,чао,bye,chao,Wiktionary Bulgarian wordlist (OpenSubtitles-based)
431,Pronouns & particles,твоята,your feminine,tvoyata,Wiktionary Bulgarian wordlist (OpenSubtitles-based)
432,Adjectives & adverbs,прекалено,too much; overly,prekaleno,Wiktionary Bulgarian wordlist (OpenSubtitles-based)
433,Other common words,вижте,look; see formal/plural,vizhte,Wiktionary Bulgarian wordlist (OpenSubtitles-based)
434,Questions & relative words,кое,which; what neuter,koe,Wiktionary Bulgarian wordlist (OpenSubtitles-based)
435,Verbs,вярвам,I believe,vyarvam,Wiktionary Bulgarian wordlist (OpenSubtitles-based)
436,Verbs,виждал,seen masculine,vizhdal,Wiktionary Bulgarian wordlist (OpenSubtitles-based)
437,"Objects, places & abstract nouns",полицията,the police,politsiyata,Wiktionary Bulgarian wordlist (OpenSubtitles-based)
438,Numbers,двама,two people masculine,dvama,Wiktionary Bulgarian wordlist (OpenSubtitles-based)
439,Adjectives & adverbs,супер,super; great,super,Wiktionary Bulgarian wordlist (OpenSubtitles-based)
440,Adjectives & adverbs,онзи,that one,onzi,Wiktionary Bulgarian wordlist (OpenSubtitles-based)
441,Prepositions & conjunctions,зад,behind,zad,Wiktionary Bulgarian wordlist (OpenSubtitles-based)
442,Other common words,другите,the others,drugite,Wiktionary Bulgarian wordlist (OpenSubtitles-based)
443,"Objects, places & abstract nouns",училище,school,uchilishte,Wiktionary Bulgarian wordlist (OpenSubtitles-based)
444,Verbs,бяхме,we were,byahme,Wiktionary Bulgarian wordlist (OpenSubtitles-based)
445,Pronouns & particles,моето,my neuter,moeto,Wiktionary Bulgarian wordlist (OpenSubtitles-based)
446,Adjectives & adverbs,такава,such feminine,takava,Wiktionary Bulgarian wordlist (OpenSubtitles-based)
447,Adjectives & adverbs,сигурна,sure feminine,sigurna,Wiktionary Bulgarian wordlist (OpenSubtitles-based)
448,Pronouns & particles,моите,my plural,moite,Wiktionary Bulgarian wordlist (OpenSubtitles-based)
449,Names / colloquial / corpus noise,бог,God,bog,Wiktionary Bulgarian wordlist (OpenSubtitles-based)
450,Verbs,имах,I had,imah,Wiktionary Bulgarian wordlist (OpenSubtitles-based)
451,"Objects, places & abstract nouns",край,end; edge,kray,Wiktionary Bulgarian wordlist (OpenSubtitles-based)
452,Verbs,даде,gave,dade,Wiktionary Bulgarian wordlist (OpenSubtitles-based)
453,Verbs,бъдеш,you be; become,badesh,Wiktionary Bulgarian wordlist (OpenSubtitles-based)
454,Verbs,познавам,I know; I am acquainted with,poznavam,Wiktionary Bulgarian wordlist (OpenSubtitles-based)
455,Other common words,мястото,the place,myastoto,Wiktionary Bulgarian wordlist (OpenSubtitles-based)
456,Names / colloquial / corpus noise,во,in; foreign/nonstandard,vo,Wiktionary Bulgarian wordlist (OpenSubtitles-based)
457,"Objects, places & abstract nouns",смъртта,the death,smartta,Wiktionary Bulgarian wordlist (OpenSubtitles-based)
458,Verbs,мислите,you think; the thoughts,mislite,Wiktionary Bulgarian wordlist (OpenSubtitles-based)
459,Names / colloquial / corpus noise,је,non-Bulgarian subtitle artifact,ye,Wiktionary Bulgarian wordlist (OpenSubtitles-based)
460,Verbs,щях,I would; I was going to,shtyah,Wiktionary Bulgarian wordlist (OpenSubtitles-based)
461,Other common words,някъде,somewhere,nyakade,Wiktionary Bulgarian wordlist (OpenSubtitles-based)
462,Prepositions & conjunctions,според,according to,spored,Wiktionary Bulgarian wordlist (OpenSubtitles-based)
463,Time,месеца,months; the month,mesetsa,Wiktionary Bulgarian wordlist (OpenSubtitles-based)
464,Adjectives & adverbs,добри,good plural,dobri,Wiktionary Bulgarian wordlist (OpenSubtitles-based)
465,Time,дълго,long; for a long time,dalgo,Wiktionary Bulgarian wordlist (OpenSubtitles-based)
466,"Objects, places & abstract nouns",телефона,the phone,telefona,Wiktionary Bulgarian wordlist (OpenSubtitles-based)
467,Prepositions & conjunctions,та,so; therefore; she dialect,ta,Wiktionary Bulgarian wordlist (OpenSubtitles-based)
468,Verbs,правят,they do; they make,pravyat,Wiktionary Bulgarian wordlist (OpenSubtitles-based)
469,Adjectives & adverbs,сякаш,as if,syakash,Wiktionary Bulgarian wordlist (OpenSubtitles-based)
470,Verbs,струва,costs; is worth,struva,Wiktionary Bulgarian wordlist (OpenSubtitles-based)
471,Adjectives & adverbs,готови,ready plural,gotovi,Wiktionary Bulgarian wordlist (OpenSubtitles-based)
472,"Objects, places & abstract nouns",номер,number,nomer,Wiktionary Bulgarian wordlist (OpenSubtitles-based)
473,Names / colloquial / corpus noise,ќе,non-Bulgarian subtitle artifact,kye,Wiktionary Bulgarian wordlist (OpenSubtitles-based)
474,Verbs,намеря,I find; I will find,namerya,Wiktionary Bulgarian wordlist (OpenSubtitles-based)
475,Verbs,стой,stand; stay,stoy,Wiktionary Bulgarian wordlist (OpenSubtitles-based)
476,Pronouns & particles,сама,alone feminine; herself,sama,Wiktionary Bulgarian wordlist (OpenSubtitles-based)
477,Verbs,разбрах,I understood,razbrah,Wiktionary Bulgarian wordlist (OpenSubtitles-based)
478,Verbs,звучи,sounds,zvuchi,Wiktionary Bulgarian wordlist (OpenSubtitles-based)
479,Other common words,зле,badly,zle,Wiktionary Bulgarian wordlist (OpenSubtitles-based)
480,"Objects, places & abstract nouns",пътя,the road; the way,patya,Wiktionary Bulgarian wordlist (OpenSubtitles-based)
481,"Objects, places & abstract nouns",дума,word,duma,Wiktionary Bulgarian wordlist (OpenSubtitles-based)
482,"Objects, places & abstract nouns",превод,translation,prevod,Wiktionary Bulgarian wordlist (OpenSubtitles-based)
483,Greetings & polite phrases,ало,hello on phone,alo,Wiktionary Bulgarian wordlist (OpenSubtitles-based)
484,Adjectives & adverbs,важно,important,vazhno,Wiktionary Bulgarian wordlist (OpenSubtitles-based)
485,"Objects, places & abstract nouns",шанс,chance,shans,Wiktionary Bulgarian wordlist (OpenSubtitles-based)
486,People & family,семейство,family,semeystvo,Wiktionary Bulgarian wordlist (OpenSubtitles-based)
487,Other common words,горе,up; upstairs,gore,Wiktionary Bulgarian wordlist (OpenSubtitles-based)
488,Negation,нямаме,we don't have,nyamame,Wiktionary Bulgarian wordlist (OpenSubtitles-based)
489,Verbs,правите,you do; you make formal/plural,pravite,Wiktionary Bulgarian wordlist (OpenSubtitles-based)
490,Adjectives & adverbs,обратно,back; backwards,obratno,Wiktionary Bulgarian wordlist (OpenSubtitles-based)
491,"Objects, places & abstract nouns",сърцето,the heart,sartseto,Wiktionary Bulgarian wordlist (OpenSubtitles-based)
492,Adjectives & adverbs,право,right; straight; law,pravo,Wiktionary Bulgarian wordlist (OpenSubtitles-based)
493,"Objects, places & abstract nouns",вода,water,voda,Wiktionary Bulgarian wordlist (OpenSubtitles-based)
494,Verbs,дръж,hold,drazh,Wiktionary Bulgarian wordlist (OpenSubtitles-based)
495,Adjectives & adverbs,друга,other feminine,druga,Wiktionary Bulgarian wordlist (OpenSubtitles-based)
496,Time,рано,early,rano,Wiktionary Bulgarian wordlist (OpenSubtitles-based)
497,Adjectives & adverbs,приятно,pleasant; nice to meet you,priyatno,Wiktionary Bulgarian wordlist (OpenSubtitles-based)
498,Verbs,повярвам,I believe; I will believe,povyarvam,Wiktionary Bulgarian wordlist (OpenSubtitles-based)
499,Adjectives & adverbs,глупости,nonsense,gluposti,Wiktionary Bulgarian wordlist (OpenSubtitles-based)
500,Adjectives & adverbs,цялото,the whole thing,tsyaloto,Wiktionary Bulgarian wordlist (OpenSubtitles-based)
